indicator,optimal_lag,abs_correlation
unemployment_rate,5,0.16451192146426954
housing_starts,1,0.09609136159514044
consumer_sentiment,1,0.2491319357311916
industrial_production,7,0.2740635361254053
jobless_claims,6,0.05637470467043732
yield_spread,11,0.15777476250521225
credit_spread,1,0.2932314540968218
sp500,1,0.1392981786232575
